City,Lat,Lng,Max Temp,Humidity,Cloudiness,Wind Speed,Country,Date
barroso,-21.1869,-43.9758,11.71,95,24,3.3,BR,1667703670
aizpute,56.7167,21.6,4.57,97,53,2.7,LV,1667703672
mataura,-46.1927,168.8643,16.14,43,18,2.96,NZ,1667703673
kavaratti,10.5669,72.642,27.11,78,55,3.63,IN,1667703430
hambantota,6.1241,81.1185,25.19,100,40,1.54,LK,1667703675
busselton,-33.65,115.3333,21.83,42,6,2.48,AU,1667703423
jumla,29.2747,82.1838,12.0,46,7,0.58,NP,1667703677
khorixas,-20.3667,14.9667,21.67,31,95,1.06,NA,1667703677
kaeo,-35.1,173.7833,20.74,70,100,4.7,NZ,1667703679
upernavik,72.7868,-56.1549,-5.92,71,100,8.43,GL,1667703679
puerto ayora,-0.7393,-90.3518,18.79,78,15,4.54,EC,1667703680
chokurdakh,70.6333,147.9167,-13.69,97,100,1.88,RU,1667703680
mitsamiouli,-11.3847,43.2844,25.54,75,8,4.79,KM,1667703681
kapaa,22.0752,-159.319,26.72,79,75,5.66,US,1667703425
varnavino,57.4035,45.0916,-3.75,95,50,2.04,RU,1667703682
mahebourg,-20.4081,57.7,24.58,88,40,1.54,MU,1667703577
arraial do cabo,-22.9661,-42.0278,19.8,73,6,3.31,BR,1667703683
torbay,47.6666,-52.7314,12.64,89,100,3.13,CA,1667703618
alyangula,-13.8483,136.4192,30.55,60,12,2.0,AU,1667703684
tasiilaq,65.6145,-37.6368,0.09,90,100,1.79,GL,1667703685
ahipara,-35.1667,173.1667,19.11,57,100,0.75,NZ,1667703685
yellowknife,62.456,-114.3525,-18.58,77,6,4.47,CA,1667703671
lavrentiya,65.5833,-171.0,-0.74,92,100,13.29,RU,1667703686
riyadh,24.6877,46.7219,21.08,60,92,4.59,SA,1667703561
rikitea,-23.1203,-134.9692,21.92,75,37,7.37,PF,1667703545
tura,25.5198,90.2201,23.92,72,0,0.66,IN,1667703626
new norfolk,-42.7826,147.0587,23.73,38,65,1.79,AU,1667703445
hilo,19.7297,-155.09,25.69,89,60,1.34,US,1667703688
lebu,-37.6167,-73.65,10.18,90,3,2.48,CL,1667703689
boguchany,58.3814,97.4531,-2.81,86,100,1.57,RU,1667703690
atuona,-9.8,-139.0333,25.05,73,13,6.91,PF,1667703438
indian head,38.6001,-77.1622,22.29,79,89,4.02,US,1667703690
wanning,18.8003,110.3967,23.53,86,82,5.13,CN,1667703692
gabriel leyva solano,25.6667,-108.6417,21.12,46,0,3.39,MX,1667703692
talnakh,69.4865,88.3972,-4.33,96,100,4.66,RU,1667703441
saskylakh,71.9167,114.0833,-30.64,100,100,1.11,RU,1667703418
mattru,7.6244,-11.8332,23.06,95,13,0.31,SL,1667703695
havelock,34.8791,-76.9013,22.76,89,31,0.45,US,1667703696
abalak,58.1286,68.5944,-2.74,93,96,3.99,RU,1667703697
punta arenas,-53.15,-70.9167,11.73,62,82,1.41,CL,1667703698
shahreza,32.0339,51.8794,8.21,41,0,1.47,IR,1667703700
grand gaube,-20.0064,57.6608,24.65,72,9,2.68,MU,1667703520
athens,37.9795,23.7162,17.27,84,75,6.17,GR,1667703463
bluff,-46.6,168.3333,12.34,61,58,5.56,NZ,1667703702
khatanga,71.9667,102.5,-28.75,100,40,2.86,RU,1667703702
nanortalik,60.1432,-45.2371,1.61,86,100,5.13,GL,1667703704
souillac,-20.5167,57.5167,23.21,88,40,3.6,MU,1667703665
baykit,61.67,96.37,-7.54,93,100,0.72,RU,1667703705
santa cruz,-17.8,-63.1667,19.7,73,0,3.09,BO,1667703445
bredasdorp,-34.5322,20.0403,14.84,96,2,2.07,ZA,1667703644
noormarkku,61.5927,21.8685,3.88,100,100,5.14,FI,1667703707
omboue,-1.5746,9.2618,23.88,93,100,0.55,GA,1667703707
iqaluit,63.7506,-68.5145,-16.8,98,70,2.15,CA,1667703685
nikolskoye,59.7035,30.7861,-0.05,72,100,4.82,RU,1667703542
narsaq,60.9167,-46.05,1.12,88,100,2.74,GL,1667703709
doha,25.2867,51.5333,25.99,53,0,3.09,QA,1667703710
cape town,-33.9258,18.4232,16.73,85,0,5.14,ZA,1667703470
ginda,30.6945,78.4932,15.03,38,0,0.84,IN,1667703710
plouzane,48.3833,-4.6167,14.03,100,100,6.17,FR,1667703712
brandon,27.9378,-82.2859,25.95,88,0,1.79,US,1667703713
pevek,69.7008,170.3133,-1.3,90,100,10.68,RU,1667703714
siocon,7.7061,122.1353,30.66,66,68,1.52,PH,1667703714
ushuaia,-54.8,-68.3,8.59,75,46,2.29,AR,1667703716
cabo san lucas,22.8909,-109.9124,24.17,63,0,1.34,MX,1667703591
urbana,40.1106,-88.2073,8.36,87,2,0.45,US,1667703692
moron,-34.6534,-58.6198,20.86,66,49,4.05,AR,1667703717
japura,-0.3167,102.35,30.35,63,98,0.75,ID,1667703718
georgetown,5.4112,100.3354,30.96,82,20,1.54,MY,1667703554
kodiak,57.79,-152.4072,-2.54,59,0,8.32,US,1667703719
batemans bay,-35.7167,150.1833,21.17,62,42,5.07,AU,1667703719
agadez,19.75,10.25,18.27,28,100,3.61,NE,1667703720
kinablangan,7.6947,126.5503,29.12,74,82,3.13,PH,1667703720
vaini,-21.2,-175.2,26.09,73,40,5.14,TO,1667703564
albany,42.6001,-73.9662,19.85,77,96,1.34,US,1667703602
raudeberg,61.9875,5.1352,6.59,1,96,5.21,NO,1667703723
evensk,61.95,159.2333,-5.03,95,100,2.39,RU,1667703442
manggar,-2.8833,108.2667,24.76,92,100,3.61,ID,1667703726
norman wells,65.282,-126.8329,-14.73,89,100,6.16,CA,1667703726
yerbogachen,61.2767,108.0108,-7.96,88,99,4.71,RU,1667703727
el cobre,20.0489,-75.9469,21.4,88,56,1.28,CU,1667703727
mogadouro,41.3403,-6.7119,6.25,68,22,1.51,PT,1667703729
bambanglipuro,-7.95,110.2833,27.86,77,93,3.72,ID,1667703730
srivardhan,18.0333,73.0167,25.58,51,6,2.88,IN,1667703730
yar-sale,66.8333,70.8333,-8.68,89,100,1.06,RU,1667703731
alice town,25.7167,-79.3,26.76,72,2,7.34,BS,1667703732
butaritari,3.0707,172.7902,26.6,74,55,3.73,KI,1667703732
fort nelson,58.8053,-122.7002,-12.81,86,100,1.79,CA,1667703733
tessalit,20.1986,1.0114,21.99,18,0,3.99,ML,1667703734
qandala,11.472,49.8728,25.19,74,2,0.95,SO,1667703734
kudahuvadhoo,2.6708,72.8944,27.24,77,96,5.08,MV,1667703535
juan lacaze,-34.4342,-57.4381,16.18,73,0,7.94,UY,1667703735
linkou,45.3,130.2833,3.94,33,8,3.11,CN,1667703735
palmas bellas,9.2319,-80.0867,26.3,92,100,3.17,PA,1667703736
port alfred,-33.5906,26.891,18.72,77,42,1.6,ZA,1667703737
hithadhoo,-0.6,73.0833,27.38,74,100,3.82,MV,1667703738
kruisfontein,-34.0033,24.7314,15.49,92,33,1.65,ZA,1667703738
kirakira,-10.4544,161.9205,28.72,75,35,0.88,SB,1667703739
dunedin,-45.8742,170.5036,13.78,60,32,2.24,NZ,1667703740
pontes e lacerda,-15.2261,-59.3353,18.96,52,0,1.16,BR,1667703741
haicheng,40.8516,122.7475,13.42,48,100,5.52,CN,1667703741
kenai,60.5544,-151.2583,-3.25,54,0,7.41,US,1667703742
hobart,-42.8794,147.3294,23.92,45,0,4.12,AU,1667703702
katsuura,35.1333,140.3,16.6,64,100,6.89,JP,1667703743
doba,8.65,16.85,19.54,40,72,1.76,TD,1667703745
barkhan,29.8977,69.5256,18.59,44,100,2.9,PK,1667703746
port lincoln,-34.7333,135.8667,23.53,46,4,3.23,AU,1667703474
kyrylivka,46.3759,35.3675,8.34,74,27,6.6,UA,1667703746
port elizabeth,-33.918,25.5701,16.72,89,46,1.77,ZA,1667703694
asosa,10.0667,34.5333,16.15,60,12,1.65,ET,1667703747
denizli,37.8402,29.0698,12.86,69,3,1.04,TR,1667703748
antanifotsy,-19.65,47.3167,15.03,93,99,0.19,MG,1667703748
eyl,7.9803,49.8164,24.75,74,19,3.88,SO,1667703749
kulhudhuffushi,6.6221,73.07,27.17,69,93,1.18,MV,1667703567
bethel,41.3712,-73.414,19.16,81,100,0.45,US,1667703577
husavik,66.0449,-17.3389,2.65,91,99,3.67,IS,1667703750
kirishi,59.4471,32.0205,-0.34,76,100,4.5,RU,1667703751
tiksi,71.6872,128.8694,-17.7,96,100,4.12,RU,1667703753
porto novo,6.4965,2.6036,25.9,88,95,0.54,BJ,1667703598
qaanaaq,77.484,-69.3632,-14.33,74,100,5.04,GL,1667703567
andapa,-14.65,49.65,17.84,87,25,0.57,MG,1667703753
klaksvik,62.2266,-6.589,4.51,84,100,7.48,FO,1667703754
saint-philippe,-21.3585,55.7679,22.84,79,68,3.67,RE,1667703755
kloulklubed,7.0419,134.2556,27.28,69,97,1.03,PW,1667703755
tuatapere,-46.1333,167.6833,13.66,56,68,4.76,NZ,1667703756
novyy urengoy,66.0833,76.6333,-10.63,97,100,1.38,RU,1667703638
ahuimanu,21.4447,-157.8378,27.66,71,93,2.68,US,1667703756
thompson,55.7435,-97.8558,-1.91,93,100,3.09,CA,1667703558
luan,46.3592,6.9759,0.58,87,22,2.05,CH,1667703757
cherskiy,68.75,161.3,-14.97,92,100,4.24,RU,1667703757
mount gambier,-37.8333,140.7667,23.29,42,18,2.74,AU,1667703759
pisco,-13.7,-76.2167,16.12,83,6,1.24,PE,1667703759
haines junction,60.7522,-137.5108,-12.03,48,100,3.09,CA,1667703516
ribeira grande,38.5167,-28.7,15.99,83,73,1.34,PT,1667703760
hamilton,39.1834,-84.5333,20.66,74,100,2.24,US,1667703631
sakakah,29.9697,40.2064,16.73,46,2,3.52,SA,1667703760
leshukonskoye,64.8989,45.7622,0.88,92,100,2.88,RU,1667703761
marsh harbour,26.5412,-77.0636,26.67,72,2,10.21,BS,1667703762
hami,42.8,93.45,10.22,23,100,1.67,CN,1667703762
ilulissat,69.2167,-51.1,-6.99,79,75,3.09,GL,1667703763
harper,4.375,-7.7169,25.25,87,81,3.08,LR,1667703472
tarut,26.5733,50.0369,23.11,48,100,3.66,SA,1667703764
moerai,-22.4333,-151.3333,21.94,94,100,14.34,PF,1667703764
hermanus,-34.4187,19.2345,16.0,92,4,4.22,ZA,1667703765
laguna,38.421,-121.4238,16.16,82,100,3.6,US,1667703765
puerto del rosario,28.5004,-13.8627,20.86,83,40,4.63,ES,1667703766
khani,41.9563,42.9566,7.87,96,100,0.32,GE,1667703767
verkhnevilyuysk,63.4453,120.3167,-19.11,94,93,1.93,RU,1667703767
boende,-0.2167,20.8667,20.16,99,100,1.08,CD,1667703768
neuruppin,52.9282,12.8031,3.94,87,59,3.13,DE,1667703768
lasa,46.6166,10.7002,1.31,58,30,1.7,IT,1667703769
hasaki,35.7333,140.8333,16.22,54,100,6.5,JP,1667703769
tuktoyaktuk,69.4541,-133.0374,-14.68,91,99,7.23,CA,1667703770
el dorado,38.7666,-120.5177,10.35,97,100,0.45,US,1667703770
makakilo city,21.3469,-158.0858,27.18,61,0,5.66,US,1667703771
ciudad real,39.0,-4.0,10.54,35,10,2.03,ES,1667703771
saint george,37.1041,-113.5841,12.33,37,100,1.34,US,1667703772
carnarvon,-24.8667,113.6333,21.76,61,24,8.03,AU,1667703772
sulangan,11.1373,123.7228,28.8,72,61,3.46,PH,1667703773
bongandanga,1.5,21.05,19.28,98,98,0.98,CD,1667703774
havre,49.5833,0.3333,12.87,82,100,6.69,FR,1667703775
kholm,59.2667,32.85,-0.45,77,100,4.22,RU,1667703776
sioux lookout,50.1001,-91.917,-4.05,68,0,1.64,CA,1667703776
chuy,-33.6971,-53.4616,14.36,90,0,3.91,UY,1667703766
lluta,-16.0147,-72.0142,9.3,28,0,1.4,PE,1667703603
dikson,73.5069,80.5464,-8.6,94,96,5.5,RU,1667703777
comodoro rivadavia,-45.8667,-67.5,12.92,88,0,1.54,AR,1667703560
luganville,-15.5333,167.1667,28.94,70,18,3.05,VU,1667703778
ponta delgada,37.7333,-25.6667,15.28,77,20,3.09,PT,1667703597
pierre,44.3683,-100.351,8.49,71,100,4.47,US,1667703594
victoria,22.2855,114.1577,21.29,84,94,3.58,HK,1667703779
yeniseysk,58.4497,92.1703,-1.33,94,100,2.07,RU,1667703780
kralendijk,12.15,-68.2667,27.67,75,100,5.72,BQ,1667703782
aklavik,68.2191,-135.0107,-12.91,76,99,7.61,CA,1667703545
conceicao do araguaia,-8.2578,-49.2647,23.19,92,100,1.14,BR,1667703783
port augusta,-32.5,137.7667,29.19,18,30,0.87,AU,1667703758
bardiyah,31.7561,25.0865,18.49,48,0,6.71,LY,1667703784
diamantino,-14.4086,-56.4461,21.34,50,0,0.86,BR,1667703784
darnah,32.767,22.6367,18.98,48,6,11.98,LY,1667703786
namibe,-15.1961,12.1522,19.41,74,90,2.62,AO,1667703787
taltal,-25.4,-70.4833,15.56,79,6,1.36,CL,1667703664
broome,42.2506,-75.833,20.5,75,20,5.36,US,1667703789
waddan,29.1614,16.139,15.52,70,0,2.87,LY,1667703789
kirkuk,35.4681,44.3922,14.85,35,0,0.95,IQ,1667703624
mayumba,-3.432,10.6554,24.46,91,84,2.77,GA,1667703791
longyearbyen,78.2186,15.6401,-6.03,91,85,2.13,SJ,1667703791
east london,-33.0153,27.9116,18.0,80,28,1.92,ZA,1667703576
iskateley,67.6803,53.1512,-0.4,93,93,2.51,RU,1667703792
urumqi,43.801,87.6005,5.53,65,46,1.0,CN,1667703793
nome,64.5011,-165.4064,-0.96,70,100,6.69,US,1667703637
bronnoysund,65.4625,12.1997,7.0,81,75,3.13,NO,1667703792
touros,-5.1989,-35.4608,25.19,83,87,4.31,BR,1667703794
boralday,43.3578,76.8594,4.92,100,100,2.0,KZ,1667703794
yebaishou,41.3975,119.6408,10.95,23,96,2.96,CN,1667703795
varniai,55.7406,22.3644,5.66,98,86,2.52,LT,1667703554
jati,24.3539,68.2671,25.26,65,99,3.19,PK,1667703797
namwala,-15.7504,26.4384,19.96,84,100,0.56,ZM,1667703797
jamestown,42.097,-79.2353,22.77,65,0,6.69,US,1667703798
kishi,9.0833,3.85,21.91,49,98,0.88,NG,1667703799
quatre cocos,-20.2078,57.7625,24.49,76,18,4.78,MU,1667703800
grafton,42.207,-71.6856,18.87,84,100,5.66,US,1667703801
araci,-11.3333,-38.9667,21.59,88,98,3.42,BR,1667703801
lethem,3.3803,-59.7968,24.47,83,92,1.61,GY,1667703802
werda,-25.2667,23.2833,20.13,25,10,3.52,BW,1667703802
drinovci,43.355,17.3539,9.49,88,100,3.16,BA,1667703803
san rafael,-34.6177,-68.3301,22.8,25,99,4.53,AR,1667703540
adrar,20.5022,-10.0711,21.55,16,0,2.85,MR,1667703704
catamarca,-28.4696,-65.7852,26.15,32,7,5.59,AR,1667703804
grays,51.4757,0.3252,14.2,95,100,4.63,GB,1667703805
burgersdorp,-30.9977,26.3286,13.01,82,1,2.78,ZA,1667703805
awbari,26.5921,12.7805,15.93,28,0,2.91,LY,1667703806
faanui,-16.4833,-151.75,26.1,82,100,13.04,PF,1667703806
viedma,-40.8135,-62.9967,21.5,40,100,8.55,AR,1667703618
gat,31.61,34.7642,20.22,100,0,1.25,IL,1667703724
bajil,15.0584,43.2851,26.08,77,1,1.43,YE,1667703807
salalah,17.0151,54.0924,25.05,78,0,2.06,OM,1667703808
lazurne,46.084,32.5295,9.22,75,100,8.78,UA,1667703808
taywarah,33.35,64.4167,2.53,72,100,1.17,AF,1667703810
alice springs,-23.7,133.8833,32.75,9,0,4.12,AU,1667703810
alexandria,31.2156,29.9553,18.43,70,4,2.72,EG,1667703811
la salle,41.3334,-89.0918,7.55,69,0,5.14,US,1667703724
cayenne,4.9333,-52.3333,24.02,100,20,0.0,GF,1667703813
ailigandi,9.2333,-78.0167,25.5,86,100,5.55,PA,1667703813
barrow,71.2906,-156.7887,-16.99,85,0,6.17,US,1667703814
chumikan,54.7183,135.315,-6.57,67,12,11.22,RU,1667703814
thunder bay,48.4001,-89.3168,0.99,93,100,3.09,CA,1667703564
dongsheng,39.8161,109.9776,6.03,42,0,5.25,CN,1667703631
loutra,39.0569,26.545,17.93,79,91,4.14,GR,1667703815
mar del plata,-38.0023,-57.5575,16.08,87,20,6.26,AR,1667703605
luyang,27.6239,110.0989,20.5,52,6,0.82,CN,1667703816
roald,62.5833,6.1333,9.31,93,100,2.06,NO,1667703684
mananjary,-21.2167,48.3333,21.75,87,85,2.45,MG,1667703817
vao,-22.6667,167.4833,24.82,83,14,4.85,NC,1667703817
zakamensk,50.3741,103.2863,-0.48,60,24,0.97,RU,1667703819
filadelfia,39.9523,-75.1638,20.84,81,75,4.63,US,1667703749
saldanha,-33.0117,17.9442,15.91,91,0,4.11,ZA,1667703821
hun,29.1268,15.9477,15.41,71,0,2.49,LY,1667703821
avarua,-21.2078,-159.775,24.03,73,75,3.6,CK,1667703821
fayaoue,-20.65,166.5333,26.68,76,2,3.85,NC,1667703822
luanda,-8.8368,13.2343,24.79,85,98,1.6,AO,1667703728
cap malheureux,-19.9842,57.6142,24.7,71,9,3.13,MU,1667703822
saint pete beach,27.7253,-82.7412,26.03,72,0,6.69,US,1667703823
aksha,50.2814,113.2867,0.79,54,71,5.77,RU,1667703823
nuuk,64.1835,-51.7216,-2.66,93,75,2.57,GL,1667703824
lagoa,39.05,-27.9833,17.63,77,38,5.09,PT,1667703825
holme,56.1138,10.1725,9.76,92,100,9.13,DK,1667703825
hobyo,5.3505,48.5268,26.33,72,19,3.25,SO,1667703826
faya,18.3851,42.4509,12.29,88,3,1.05,SA,1667703810
marica,-22.9194,-42.8186,20.95,77,28,0.67,BR,1667703826
tambura,5.6,27.4667,20.65,85,45,1.1,SS,1667703827
castro,-24.7911,-50.0119,8.3,98,14,2.57,BR,1667703827
asau,46.4333,26.4,10.71,95,100,1.81,RO,1667703828
tigil,57.8,158.6667,-0.32,88,100,7.23,RU,1667703828
severo-kurilsk,50.6789,156.125,4.07,85,100,4.78,RU,1667703550
yumen,40.2833,97.2,6.58,25,71,5.81,CN,1667703830
arrecife,28.963,-13.5477,19.99,83,0,3.6,ES,1667703831
raga,8.4596,25.678,22.09,44,30,0.41,SS,1667703831
kodinsk,58.6881,99.1844,-3.39,84,100,1.51,RU,1667703832
kununurra,-15.7667,128.7333,35.99,30,9,3.6,AU,1667703761
rumford,44.5537,-70.5509,19.5,29,100,4.79,US,1667703833
takoradi,4.8845,-1.7554,25.35,86,63,2.22,GH,1667703833
areosa,41.7178,-8.8571,13.99,83,100,6.23,PT,1667703834
ola,59.5833,151.2833,-1.03,92,100,4.94,RU,1667703834
hanover,52.3705,9.7332,9.37,80,0,3.6,DE,1667703617
leeton,-34.5667,146.4,23.27,38,100,4.09,AU,1667703835
mbalmayo,3.5167,11.5,18.99,99,76,0.86,CM,1667703836
juneau,58.3019,-134.4197,-1.55,76,20,2.06,US,1667703836
guerrero negro,27.9769,-114.0611,18.63,63,0,4.74,MX,1667703557
gazanjyk,39.2446,55.5154,12.07,89,100,1.47,TM,1667703837
bengkulu,-3.8004,102.2655,27.22,70,100,0.27,ID,1667703837
chulman,56.8479,124.9104,-6.47,89,100,3.75,RU,1667703838
redlands,34.0556,-117.1825,18.66,45,0,2.06,US,1667703838
jardim,-21.4803,-56.1381,17.19,62,1,1.79,BR,1667703798
madimba,-10.4,40.3333,23.8,86,6,3.09,TZ,1667703839
geraldton,-28.7667,114.6,22.23,49,0,5.66,AU,1667703614
cidreira,-30.1811,-50.2056,17.34,75,0,5.21,BR,1667703839
vestmannaeyjar,63.4427,-20.2734,6.44,72,96,7.6,IS,1667703840
muros,42.7762,-9.0603,15.61,93,100,2.08,ES,1667703840
jalu,29.0331,21.5482,19.11,40,1,5.21,LY,1667703841
osakarovka,50.565,72.5692,-3.66,85,94,7.13,KZ,1667703841
san jose de guanipa,8.8872,-64.1651,23.96,72,80,1.94,VE,1667703842
airai,-8.9266,125.4092,25.52,44,99,1.13,TL,1667703843
ucar,40.519,47.6542,11.33,84,80,0.97,AZ,1667703703
rio tuba,8.5061,117.4317,28.87,74,94,3.89,PH,1667703843
imbituba,-28.24,-48.6703,16.17,80,64,1.66,BR,1667703844
pacific grove,36.6177,-121.9166,15.36,92,100,0.89,US,1667703844
passi,11.15,122.65,27.57,71,56,3.97,PH,1667703845
tashla,51.7716,52.7427,-1.62,95,99,2.26,RU,1667703846
sayyan,15.1718,44.3244,9.57,44,0,1.8,YE,1667703846
san patricio,28.017,-97.5169,23.92,78,0,2.99,US,1667703847
san jose,37.3394,-121.895,16.96,86,100,3.09,US,1667703572
suntar,62.1444,117.6319,-9.66,90,100,1.23,RU,1667703848
rosita,13.9268,-84.4032,23.21,96,78,0.72,NI,1667703849
san cristobal,7.7669,-72.225,21.1,98,100,0.82,VE,1667703600
madras,13.0878,80.2785,27.99,94,40,2.57,IN,1667703574
peru,40.7537,-86.0689,11.3,81,0,3.6,US,1667703747
erzin,36.9559,36.2,17.48,44,0,2.77,TR,1667703850
sao filipe,14.8961,-24.4956,26.34,65,100,2.49,CV,1667703851
beringovskiy,63.05,179.3167,2.07,80,100,6.75,RU,1667703851
cananea,30.95,-110.3,10.44,38,1,1.49,MX,1667703852
lata,40.1629,-8.3327,7.26,72,12,0.89,PT,1667703852
tazovskiy,67.4667,78.7,-8.26,93,100,3.11,RU,1667703853
freetown,8.484,-13.2299,25.72,79,0,1.69,SL,1667703614
eureka,40.8021,-124.1637,11.63,94,100,0.89,US,1667703618
kurilsk,45.2333,147.8833,5.73,63,99,12.25,RU,1667703855
buritis,-15.6178,-46.4233,20.72,69,51,0.53,BR,1667703855
lompoc,34.6391,-120.4579,14.96,92,0,7.2,US,1667703736
balabac,7.9868,117.0645,29.07,70,100,2.42,PH,1667703856
inhambane,-23.865,35.3833,23.74,89,32,1.58,MZ,1667703857
ponta do sol,32.6667,-17.1,20.95,87,25,1.74,PT,1667703813
zonguldak,41.25,31.8333,10.24,44,6,2.76,TR,1667703741
gallup,35.5281,-108.7426,4.45,64,0,2.06,US,1667703858
sambava,-14.2667,50.1667,21.32,85,16,2.54,MG,1667703859
wum,6.3833,10.0667,17.65,73,97,1.44,CM,1667703860
odweyne,9.4092,45.064,19.99,55,0,0.57,SO,1667703733
vavatenina,-17.4667,49.2,21.0,85,80,0.57,MG,1667703860
college,64.8569,-147.8028,-14.0,88,20,0.0,US,1667703861
ostrovnoy,68.0531,39.5131,2.37,82,99,7.52,RU,1667703861
metu,8.3,35.5833,14.24,87,100,0.71,ET,1667703862
anadyr,64.75,177.4833,1.67,93,83,6.71,RU,1667703862
bilma,18.6853,12.9164,19.67,24,53,3.59,NE,1667703863
panama city,8.9936,-79.5197,26.76,82,40,7.72,PA,1667703845
okitipupa,6.5047,4.7839,22.93,98,100,0.56,NG,1667703864
praia,14.9215,-23.5087,25.3,69,0,6.17,CV,1667703864
aksu,41.1231,80.2644,10.03,32,71,0.73,CN,1667703865
vostok,46.4856,135.8833,-1.58,32,0,5.21,RU,1667703750
kouango,4.9934,19.9619,20.86,93,97,1.31,CF,1667703865
nouadhibou,20.931,-17.0347,21.48,71,0,6.35,MR,1667703866
mwingi,-0.9344,38.0601,18.05,96,55,1.34,KE,1667703866
krasnoarmeysk,51.0239,45.6969,0.84,93,99,2.59,RU,1667703867
luderitz,-26.6481,15.1594,16.56,81,75,3.11,NA,1667703583
batagay,67.6333,134.6333,-21.23,95,100,0.99,RU,1667703868
dabola,10.75,-11.1167,21.07,59,7,1.37,GN,1667703868
egvekinot,66.3167,-179.1667,-1.74,99,100,10.11,RU,1667703767
bria,6.5423,21.9863,19.84,78,50,0.25,CF,1667703643
yenagoa,4.9247,6.2642,24.08,93,100,1.42,NG,1667703869
shubarshi,48.5872,57.1869,-1.45,81,99,2.9,KZ,1667703870
altamira,-3.2033,-52.2064,23.73,84,100,0.37,BR,1667703871
esperance,-33.8667,121.9,19.29,57,4,6.31,AU,1667703871
meulaboh,4.1363,96.1285,27.28,74,96,0.86,ID,1667703873
provideniya,64.3833,-173.3,1.75,99,100,7.71,RU,1667703874
ucluelet,48.9329,-125.5528,5.61,85,100,2.83,CA,1667703739
montrose,38.4166,-108.2673,-0.33,76,38,2.94,US,1667703874
sao joao da barra,-21.6403,-41.0511,18.53,84,6,3.94,BR,1667703875
kargasok,59.0556,80.8572,-4.34,92,27,3.97,RU,1667703875
bathsheba,13.2167,-59.5167,25.34,88,75,9.77,BB,1667703585
codrington,-38.2667,141.9667,21.69,58,49,1.86,AU,1667703876
outlook,51.5001,-107.0513,-3.76,94,100,11.92,CA,1667703876
kambove,-10.8764,26.5969,15.62,93,100,0.93,CD,1667703877
rochegda,62.8,43.25,-5.96,99,62,1.51,RU,1667703877
soyo,-6.1349,12.3689,24.36,89,100,1.31,AO,1667703878
yarim,14.298,44.3779,9.14,44,0,2.13,YE,1667703878
maneadero,31.7167,-116.5667,15.5,64,17,0.8,MX,1667703879
vila velha,-20.3297,-40.2925,19.97,83,20,3.6,BR,1667703879
vanderhoof,54.0166,-124.0198,-11.18,82,100,2.55,CA,1667703880
anahuac,27.2333,-100.15,20.9,26,0,4.71,MX,1667703880
carmen,18.6333,-91.8333,28.02,78,0,2.57,MX,1667703747
fukue,32.6881,128.8419,16.77,46,28,4.98,JP,1667703881
vestmanna,62.1564,-7.1664,3.51,93,75,0.51,FO,1667703715
yeppoon,-23.1333,150.7333,26.88,56,18,7.32,AU,1667703881
amahai,-3.3333,128.9167,29.32,69,100,2.07,ID,1667703882
dingle,10.9995,122.6711,29.98,71,46,4.54,PH,1667703882
harij,23.7,71.9,27.7,24,55,1.02,IN,1667703883
galveston,29.3669,-94.9669,18.98,83,0,3.6,US,1667703883
vardo,70.3705,31.1107,4.99,87,100,7.2,NO,1667703884
dicabisagan,17.0818,122.4157,29.25,70,17,2.7,PH,1667703884
skjervoy,70.0311,20.9714,3.0,91,100,2.43,NO,1667703885
blue springs,39.0169,-94.2816,11.54,65,0,7.2,US,1667703766
coihaique,-45.5752,-72.0662,14.34,76,40,2.06,CL,1667703587
monte alegre,-2.0078,-54.0692,24.47,85,96,0.66,BR,1667703834
boyolangu,-8.1181,111.8935,27.21,81,100,3.65,ID,1667703886
marzuq,14.4,46.4667,17.15,71,0,0.5,YE,1667703886
luoyang,34.6836,112.4536,17.07,42,53,1.48,CN,1667703604
northam,51.0333,-4.2167,10.77,98,36,4.45,GB,1667703591
santa cruz de la palma,28.6835,-17.7642,21.08,73,0,4.63,ES,1667703887
itarema,-2.9248,-39.9167,25.38,86,97,3.9,BR,1667703888
nizhniy kuranakh,58.8353,125.4869,-6.73,94,100,4.17,RU,1667703888
bolshoye selo,57.7177,38.9334,-2.05,94,72,1.9,RU,1667703889
liuzhou,24.3126,109.3892,22.51,51,63,2.09,CN,1667703889
rio gallegos,-51.6226,-69.2181,11.12,68,87,6.44,AR,1667703890
san pedro,14.35,121.0167,30.2,72,61,2.73,PH,1667703890
colares,38.7992,-9.4469,14.63,94,11,6.26,PT,1667703891
arrifes,37.7667,-25.7,14.02,77,20,3.09,PT,1667703891
londonderry,54.9981,-7.3093,8.91,93,100,4.12,GB,1667703892
payo,-3.7508,103.6372,29.01,72,100,0.89,ID,1667703892
dabat,12.9842,37.765,10.59,55,4,3.67,ET,1667703893
flin flon,54.7682,-101.865,-1.66,96,100,6.8,CA,1667703893
la ronge,55.1001,-105.2842,-2.83,84,100,9.54,CA,1667703894
alikalia,9.1667,-11.4,19.76,85,2,0.37,SL,1667703894
halifax,44.6453,-63.5724,17.05,88,94,1.34,CA,1667703719
yining,29.0361,114.5636,22.25,41,18,0.58,CN,1667703895
alta floresta,-9.8756,-56.0861,24.1,62,81,1.09,BR,1667703651
srednekolymsk,67.45,153.6833,-18.39,94,100,7.19,RU,1667703895
uray,60.1247,64.7758,-9.1,96,27,2.67,RU,1667703896
belaya gora,68.5333,146.4167,-18.13,97,100,4.39,RU,1667703896
los llanos de aridane,28.6585,-17.9182,18.86,76,0,4.63,ES,1667703897
mopipi,-21.1833,24.8833,24.43,53,100,0.52,BW,1667703897
kologriv,58.8275,44.3178,-3.93,97,22,1.56,RU,1667703898
oriximina,-1.7656,-55.8661,23.98,86,94,1.41,BR,1667703899
koslan,63.4564,48.8989,0.58,94,100,3.47,RU,1667703899
warkworth,-36.4,174.6667,20.83,70,100,7.38,NZ,1667703900
llanes,43.4198,-4.7549,13.83,46,28,2.87,ES,1667703900
nelson bay,-32.7167,152.15,22.78,67,38,6.71,AU,1667703901
thinadhoo,0.5333,72.9333,27.45,75,63,4.55,MV,1667703901
sinnamary,5.3833,-52.95,25.58,84,95,2.33,GF,1667703817
huittinen,61.1833,22.7,5.43,98,100,4.23,FI,1667703902
henties bay,-22.116,14.2845,16.6,84,98,3.0,NA,1667703903
santiago de cao,-7.9589,-79.2392,16.07,82,5,3.6,PE,1667703903
southampton,50.904,-1.4043,14.67,97,100,1.34,GB,1667703761
liverpool,53.4106,-2.9779,7.68,94,98,2.57,GB,1667703621
san carlos,9.6612,-68.5827,21.52,94,100,0.89,VE,1667703673
tombouctou,20.0,-3.0,22.38,19,0,4.49,ML,1667703905
huarmey,-10.0681,-78.1522,17.1,85,0,3.83,PE,1667703905
nieuw amsterdam,5.8833,-55.0833,26.12,88,96,2.5,SR,1667703906
leningradskiy,69.3833,178.4167,-8.48,89,100,8.49,RU,1667703906
havre-saint-pierre,50.2334,-63.5986,8.2,100,100,4.63,CA,1667703907
forio,40.7342,13.8646,18.01,67,100,6.26,IT,1667703908
adeje,28.1227,-16.726,19.62,87,20,2.57,ES,1667703908
rajshahi,24.3667,88.6,25.59,59,0,1.84,BD,1667703903
wageningen,51.9667,5.6667,10.48,88,100,5.66,NL,1667703909
riverton,40.5219,-111.9391,6.2,86,100,1.34,US,1667703906
arinos,-15.9169,-46.1056,21.45,65,90,0.83,BR,1667703910
lakes entrance,-37.8811,147.981,24.53,63,65,2.5,AU,1667703910
sitka,57.0531,-135.33,1.94,41,40,5.14,US,1667703911
nioro,13.35,-15.75,23.04,43,95,2.19,GM,1667703911
cuamba,-14.8031,36.5372,21.99,56,100,2.32,MZ,1667703736
noumea,-22.2763,166.4572,28.89,99,24,7.62,NC,1667703912
kavieng,-2.5744,150.7967,29.41,70,75,3.58,PG,1667703913
terrace,54.5163,-128.6035,1.95,75,75,3.6,CA,1667703619
xuanwu,32.069,118.8138,17.99,42,100,5.68,CN,1667703915
tahe,52.3333,124.7333,-2.44,53,65,1.67,CN,1667703915
pangai,-19.8,-174.35,25.08,75,7,8.62,TO,1667703916
manicore,-5.8092,-61.3003,25.64,63,100,0.5,BR,1667703917
sisimiut,66.9395,-53.6735,-7.63,75,92,5.37,GL,1667703918
kahului,20.8947,-156.47,29.01,62,0,10.29,US,1667703918
el aguila,4.9135,-76.04,16.85,97,100,0.82,CO,1667703920
nara,34.6851,135.8049,17.73,46,21,1.6,JP,1667703704
melo,-32.3667,-54.1833,11.48,96,0,3.93,UY,1667703921
caravelas,-17.7125,-39.2481,22.26,70,1,4.81,BR,1667703922
huanren,41.2647,125.3667,7.31,46,92,2.26,CN,1667703923
qasigiannguit,68.8193,-51.1922,-6.86,84,100,3.58,GL,1667703923
sisophon,13.5859,102.9737,24.92,74,97,2.71,KH,1667703924
kouroussa,10.65,-9.8833,21.52,59,20,0.85,GN,1667703924
rocha,-34.4833,-54.3333,11.8,97,1,2.25,UY,1667703672
sigli,5.3848,95.9609,27.57,73,93,0.69,ID,1667703926
mecca,21.4267,39.8261,23.22,48,62,1.14,SA,1667703780
olafsvik,64.8945,-23.7142,4.25,65,60,4.08,IS,1667703816
marienburg,54.0359,19.0266,4.95,93,5,3.11,PL,1667703927
benicarlo,40.4165,0.4271,11.42,38,5,1.36,ES,1667703928
antofagasta,-23.65,-70.4,15.49,80,25,2.75,CL,1667703760
tynda,55.1667,124.7167,-8.94,77,99,1.24,RU,1667703929
okha,53.5739,142.9478,-2.4,71,100,9.47,RU,1667703929
lorengau,-2.0226,147.2712,28.96,74,26,1.7,PG,1667703930
lucapa,-8.4192,20.7447,18.16,96,100,0.21,AO,1667703931
half moon bay,37.4636,-122.4286,16.68,91,100,2.57,US,1667703931
clyde river,70.4692,-68.5914,-21.04,89,81,2.72,CA,1667703932
saverne,48.8333,7.25,5.17,85,80,1.04,FR,1667703932
paris,48.8534,2.3488,11.1,84,100,5.14,FR,1667703707
ikornnes,62.3873,6.557,7.96,94,100,3.76,NO,1667703933
dudinka,69.4058,86.1778,-6.37,95,100,6.44,RU,1667703933
nizwa,22.9333,57.5333,21.83,52,43,0.5,OM,1667703886
zhigansk,66.7697,123.3711,-27.88,97,30,3.1,RU,1667703934
santa maria,-29.6842,-53.8069,14.33,79,0,4.79,BR,1667703934
ambilobe,-13.2,49.05,21.68,75,4,1.61,MG,1667703935
beaucaire,43.8081,4.6442,9.46,69,0,5.14,FR,1667703935
nemuro,43.3236,145.575,8.35,56,32,5.09,JP,1667703673
idrinskoye,54.3708,92.1358,1.6,73,100,1.29,RU,1667703937
jiutai,44.1525,125.8328,6.52,32,78,4.31,CN,1667703938
tezu,27.9167,96.1667,24.67,39,0,1.13,IN,1667703939
broken hill,-31.95,141.4333,25.88,21,64,1.79,AU,1667703753
quballat,36.5418,9.6633,15.86,68,68,7.23,TN,1667703939
warrington,53.3925,-2.5802,8.12,96,69,2.06,GB,1667703777
fortuna,40.5982,-124.1573,11.48,92,100,1.21,US,1667703940
portland,45.5234,-122.6762,8.32,91,100,2.06,US,1667703922
titel,45.2061,20.2944,10.06,85,100,2.37,RS,1667703941
port moresby,-9.4431,147.1797,29.67,64,100,2.81,PG,1667703941
beyneu,45.3167,55.2,4.94,70,100,1.95,KZ,1667703942
qianan,44.9932,124.0581,6.46,30,31,4.25,CN,1667703942
poum,-20.2333,164.0167,26.45,78,14,2.59,NC,1667703942
sur,22.5667,59.5289,26.26,55,75,3.07,OM,1667703943
machala,-3.2667,-79.9667,20.36,89,31,1.25,EC,1667703943
naze,28.3667,129.4833,19.6,60,12,5.5,JP,1667703944
pashiya,58.4324,58.2562,-3.96,86,100,5.01,RU,1667703944
ambulu,-8.345,113.6058,27.37,81,100,1.39,ID,1667703945
utinga,-5.8172,-35.3954,25.47,88,40,2.57,BR,1667703945
praia da vitoria,38.7333,-27.0667,15.42,91,48,3.05,PT,1667703946
isangel,-19.55,169.2667,29.03,63,47,3.38,VU,1667703946
hong gai,20.956,107.0946,24.95,51,4,1.61,VN,1667703947
cernesti,47.5167,23.75,8.18,79,100,0.38,RO,1667703948
bartlesville,36.7473,-95.9808,11.21,63,0,3.09,US,1667703948
abu dhabi,24.4667,54.3667,28.34,58,100,3.3,AE,1667703738
havoysund,70.9963,24.6622,5.13,91,100,4.46,NO,1667703949
panguna,-6.3164,155.4848,25.03,84,100,1.39,PG,1667703949
huainan,32.6264,116.9969,18.46,39,15,5.32,CN,1667703950
teahupoo,-17.8333,-149.2667,20.85,93,100,13.31,PF,1667703950
alindao,5.0267,21.2088,20.49,96,99,0.46,CF,1667703723
wahiawa,21.5028,-158.0236,26.18,67,100,2.57,US,1667703951
salina,38.8403,-97.6114,11.08,66,0,8.75,US,1667703952
aksarka,66.5606,67.7975,-7.38,90,100,1.05,RU,1667703952
colac,-38.3333,143.5833,23.43,51,99,3.62,AU,1667703953
bambous virieux,-20.3428,57.7575,24.56,88,40,3.6,MU,1667703954
labuhan,-6.8844,112.2051,28.7,74,100,4.04,ID,1667703955
vila franca do campo,37.7167,-25.4333,15.11,80,99,1.16,PT,1667703783
fort abbas,29.1925,72.8536,24.96,20,95,3.45,PK,1667703955
puerto leguizamo,-0.1934,-74.7819,23.5,77,100,0.58,CO,1667703956
lichinga,-13.3128,35.2406,17.74,57,97,2.99,MZ,1667703772
suhbaatar,50.2314,106.2078,0.23,53,9,2.17,MN,1667703957
raymond,43.9015,-70.4703,19.71,80,100,5.88,US,1667703957
ixtapa,20.7,-105.2,25.57,78,100,0.0,MX,1667703958
pucallpa,-8.3791,-74.5539,26.02,57,0,1.54,PE,1667703958
kirovsk,48.6375,38.6428,2.77,67,95,2.86,UA,1667703958
alto araguaia,-17.3147,-53.2153,18.8,52,0,1.19,BR,1667703959
sawakin,19.1059,37.3321,27.04,72,99,2.34,SD,1667703959
trat,12.5,102.5,27.09,75,61,3.98,TH,1667703960
preobrazhenka,47.5719,35.8167,1.94,79,6,4.08,UA,1667703960
borogontsy,62.6683,131.1683,-17.22,93,96,1.8,RU,1667703963
qaqortoq,60.7167,-46.0333,0.71,90,100,3.25,GL,1667703964
brejo,-3.6844,-42.7503,23.39,93,100,1.48,BR,1667703964
peleduy,59.6289,112.7406,-6.26,92,100,4.99,RU,1667703965
beloha,-25.1667,45.05,23.4,66,99,1.56,MG,1667703965
peniche,39.3558,-9.3811,11.92,79,23,1.79,PT,1667703966
deputatskiy,69.3,139.9,-20.33,95,100,3.53,RU,1667703966
seidu,9.0167,-10.6,19.47,76,3,0.64,SL,1667703967
kemijarvi,66.7131,27.4306,-0.9,89,100,2.97,FI,1667703967
suwannaphum,15.6035,103.8021,26.51,54,85,5.4,TH,1667703968
mikuni,36.2171,136.1519,15.04,47,2,2.14,JP,1667703968
kinsale,51.7075,-8.5306,11.8,93,40,7.72,IE,1667703969
ondangwa,-17.9167,15.95,24.49,36,99,4.18,NA,1667703969
hanna,51.6334,-111.9018,-8.41,91,100,9.39,CA,1667703970
tual,-5.6667,132.75,29.1,72,100,3.83,ID,1667703970
chapais,49.7834,-74.8492,14.47,84,100,7.08,CA,1667703775
turukhansk,65.8167,87.9833,-5.25,96,100,3.59,RU,1667703971
leh,34.1667,77.5833,-0.5,62,52,2.03,IN,1667703971
tarabuco,-19.1667,-64.9167,6.6,49,0,1.84,BO,1667703972
hofn,64.2539,-15.2082,4.97,82,96,7.0,IS,1667703972
baruun-urt,46.6806,113.2792,1.07,33,66,1.44,MN,1667703973
issia,6.4922,-6.5856,21.45,100,37,1.12,CI,1667703973
marsaxlokk,35.8419,14.5431,18.38,77,20,6.69,MT,1667703767
nsunga,-1.1439,31.3947,17.23,91,94,0.87,TZ,1667703975
puerto escondido,15.85,-97.0667,27.31,80,85,2.41,MX,1667703709
ulaangom,49.9811,92.0667,-2.86,78,80,0.26,MN,1667703975
sahuaripa,29.05,-109.2333,16.8,36,0,1.73,MX,1667703976
iralaya,15.0,-83.2333,26.62,78,30,4.09,HN,1667703977
diapaga,12.0708,1.7889,24.19,27,99,2.87,BF,1667703977
acapulco,16.8634,-99.8901,26.9,89,0,1.03,MX,1667703978
bubaque,11.2833,-15.8333,28.17,66,9,4.44,GW,1667703978
hammerfest,70.6634,23.6821,5.25,93,100,3.09,NO,1667703978
beisfjord,68.3751,17.5988,6.69,97,100,0.91,NO,1667703979
cockburn town,21.4612,-71.1419,26.21,74,77,8.94,TC,1667703980
banjarmasin,-3.3244,114.591,30.08,86,100,0.44,ID,1667703981
rafai,4.95,23.9167,19.72,97,95,0.19,CF,1667703981
micheweni,-4.9667,39.8333,24.36,86,46,2.59,TZ,1667703982
akureyri,65.6835,-18.0878,-1.39,97,90,2.57,IS,1667703983
kassala,15.451,36.4,23.96,74,5,3.09,SD,1667703983
najran,17.4924,44.1277,15.74,41,0,0.51,SA,1667703984
kangaatsiaq,68.3065,-53.4641,-3.5,56,100,7.46,GL,1667703984
tutoia,-2.7619,-42.2744,25.56,86,100,3.76,BR,1667703984
camana,-16.6228,-72.7111,16.97,83,60,3.6,PE,1667703985
ancud,-41.8697,-73.8203,10.25,88,62,2.85,CL,1667703986
belmira,6.6051,-75.6662,9.82,97,100,0.13,CO,1667703986
kijang,35.2442,129.2139,14.54,19,0,0.66,KR,1667703987
lokoja,7.8024,6.743,22.71,62,100,0.25,NG,1667703987
tibacuy,4.3511,-72.4564,23.66,80,84,1.78,CO,1667703988
port blair,11.6667,92.75,28.56,64,88,6.1,IN,1667703988
izhma,65.0083,53.9113,0.83,99,100,2.44,RU,1667703989
loiza,18.4313,-65.8802,24.47,91,40,0.0,PR,1667703989
lixourion,38.2019,20.4314,17.2,77,100,5.98,GR,1667703990
mankono,8.0586,-6.1897,21.73,95,10,1.64,CI,1667703990
raahe,64.6833,24.4833,-0.95,97,100,5.69,FI,1667703990
gornopravdinsk,60.05,69.9,-2.98,95,100,3.43,RU,1667703991
burnie,-41.0667,145.9167,18.86,70,80,2.84,AU,1667703991
rawson,-43.3002,-65.1023,20.04,48,99,11.59,AR,1667703992
voh,-20.9667,164.7,29.2,66,39,2.75,NC,1667703992
perbaungan,3.5679,98.956,28.06,71,87,1.66,ID,1667703993
korla,41.7597,86.1469,10.88,31,100,1.25,CN,1667703993
eltham,-39.4292,174.3,16.36,64,97,1.08,NZ,1667703994
yokadouma,3.5167,15.05,19.05,96,95,0.68,CM,1667703994
atar,20.5169,-13.0499,23.06,13,0,2.9,MR,1667703995
taksimo,56.3444,114.8794,-6.19,69,99,0.77,RU,1667703995
gushikawa,26.3544,127.8686,23.68,57,64,5.49,JP,1667703996
mandvi,22.8333,69.3667,27.48,44,80,2.52,IN,1667703997
altay,47.8667,88.1167,5.72,47,70,1.07,CN,1667703998
paamiut,61.994,-49.6678,-0.47,91,100,9.79,GL,1667703998
copiapo,-27.3667,-70.3333,11.83,71,5,1.33,CL,1667703999
leua,48.2156,18.6071,10.83,83,100,1.43,SK,1667703730
tilichiki,60.4667,166.1,-2.45,93,100,1.38,RU,1667703999
mosquera,4.7059,-74.2302,12.05,94,40,2.57,CO,1667704000
camacha,33.0833,-16.3333,17.68,88,75,1.54,PT,1667704000
